{
    "code": {
        "test_make": 5, 
        "errors": [], 
        "code_review": "0/10", 
        "total_score": "34/60", 
        "comments": "Good work! here are some comments: ", 
        "test_score": "34/40", 
        "report": "0/10", 
        "files_tests": {
            ".DS_Store": {
                "0": {
                    "res": 1, 
                    "time": 4.003514051437378
                }, 
                "0.1": {
                    "res": 0, 
                    "error": "wrong md5", 
                    "time": 8.050801992416382
                }, 
                "0.01": {
                    "res": 1, 
                    "time": 4.005467891693115
                }
            }, 
            "Giant1.test": {
                "0": {
                    "res": 1, 
                    "time": 4.008547067642212
                }, 
                "0.01": {
                    "res": 0, 
                    "error": "wrong md5", 
                    "time": 8.066134214401245
                }
            }, 
            "Giant2.test": {
                "0": {
                    "res": 1, 
                    "time": 4.0054450035095215
                }, 
                "0.01": {
                    "res": 0, 
                    "error": "wrong md5", 
                    "time": 7.1032021045684814
                }
            }, 
            "Giant3.test": {
                "0": {
                    "res": 1, 
                    "time": 4.004717826843262
                }, 
                "0.01": {
                    "res": 0, 
                    "error": "wrong md5", 
                    "time": 6.055308103561401
                }
            }, 
            "Giant4.test": {
                "0": {
                    "res": 1, 
                    "time": 6.482744932174683
                }, 
                "0.01": {
                    "res": 0, 
                    "error": "wrong md5", 
                    "time": 9.079552173614502
                }
            }, 
            "Large1.test": {
                "0": {
                    "res": 1, 
                    "time": 4.0074639320373535
                }, 
                "0.01": {
                    "res": 1, 
                    "time": 4.008671998977661
                }
            }, 
            "Large2.test": {
                "0": {
                    "res": 1, 
                    "time": 4.009129047393799
                }, 
                "0.01": {
                    "res": 1, 
                    "time": 4.0034019947052
                }
            }, 
            "Large3.test": {
                "0": {
                    "res": 1, 
                    "time": 4.0071141719818115
                }, 
                "0.01": {
                    "res": 0, 
                    "error": "wrong md5", 
                    "time": 8.101838111877441
                }
            }, 
            "Large4.test": {
                "0": {
                    "res": 1, 
                    "time": 4.0046679973602295
                }, 
                "0.01": {
                    "res": 0, 
                    "error": "wrong md5", 
                    "time": 8.060302019119263
                }
            }, 
            "Small1.test": {
                "0": {
                    "res": 1, 
                    "time": 4.006071090698242
                }, 
                "0.1": {
                    "res": 1, 
                    "time": 5.04229998588562
                }, 
                "0.01": {
                    "res": 1, 
                    "time": 4.0055928230285645
                }
            }, 
            "Small2.test": {
                "0": {
                    "res": 1, 
                    "time": 4.003489017486572
                }, 
                "0.1": {
                    "res": 0, 
                    "error": "wrong md5", 
                    "time": 4.005919933319092
                }, 
                "0.01": {
                    "res": 1, 
                    "time": 4.00569486618042
                }
            }, 
            "Small3.test": {
                "0": {
                    "res": 1, 
                    "time": 4.0053181648254395
                }, 
                "0.1": {
                    "res": 1, 
                    "time": 4.005784034729004
                }, 
                "0.01": {
                    "res": 1, 
                    "time": 4.006699085235596
                }
            }, 
            "Small4.test": {
                "0": {
                    "res": 1, 
                    "time": 4.005926847457886
                }, 
                "0.1": {
                    "res": 0, 
                    "error": "wrong md5", 
                    "time": 4.005803108215332
                }, 
                "0.01": {
                    "res": 1, 
                    "time": 4.005516052246094
                }
            }, 
            "Tiny1.test": {
                "0": {
                    "res": 1, 
                    "time": 4.005345106124878
                }, 
                "0.1": {
                    "res": 1, 
                    "time": 4.005661964416504
                }, 
                "0.01": {
                    "res": 1, 
                    "time": 4.005131006240845
                }
            }, 
            "Tiny2.test": {
                "0": {
                    "res": 1, 
                    "time": 4.00664496421814
                }, 
                "0.1": {
                    "res": 1, 
                    "time": 6.045505046844482
                }, 
                "0.01": {
                    "res": 1, 
                    "time": 4.007251977920532
                }
            }, 
            "Tiny3.test": {
                "0": {
                    "res": 1, 
                    "time": 4.006956100463867
                }, 
                "0.1": {
                    "res": 1, 
                    "time": 5.028111934661865
                }, 
                "0.01": {
                    "res": 1, 
                    "time": 4.006133079528809
                }
            }, 
            "Tiny4.test": {
                "0": {
                    "res": 1, 
                    "time": 4.005090951919556
                }, 
                "0.1": {
                    "res": 1, 
                    "time": 4.0078980922698975
                }, 
                "0.01": {
                    "res": 1, 
                    "time": 4.003929853439331
                }
            }
        }
    }
}