{
    "code": {
        "test_make": 5, 
        "errors": [], 
        "code_review": "0/10", 
        "total_score": "32/60", 
        "comments": "Good work! here are some comments: ", 
        "test_score": "32/40", 
        "report": "0/10", 
        "files_tests": {
            "Giant1.test": {
                "0": {
                    "res": 1, 
                    "time": 4.006455183029175
                }, 
                "0.01": {
                    "res": 0, 
                    "error": "wrong md5", 
                    "time": 7.065593004226685
                }
            }, 
            "Giant2.test": {
                "0": {
                    "res": 1, 
                    "time": 4.005779027938843
                }, 
                "0.01": {
                    "res": 0, 
                    "error": "wrong md5", 
                    "time": 9.0749831199646
                }
            }, 
            "Giant3.test": {
                "0": {
                    "res": 1, 
                    "time": 4.00701379776001
                }, 
                "0.01": {
                    "res": 0, 
                    "error": "wrong md5", 
                    "time": 7.072850942611694
                }
            }, 
            "Giant4.test": {
                "0": {
                    "res": 1, 
                    "time": 6.344730854034424
                }, 
                "0.01": {
                    "res": 0, 
                    "error": "wrong md5", 
                    "time": 4.006274938583374
                }
            }, 
            "Large1.test": {
                "0": {
                    "res": 1, 
                    "time": 4.0056657791137695
                }, 
                "0.01": {
                    "res": 1, 
                    "time": 4.00593113899231
                }
            }, 
            "Large2.test": {
                "0": {
                    "res": 1, 
                    "time": 4.0053839683532715
                }, 
                "0.01": {
                    "res": 1, 
                    "time": 4.0067219734191895
                }
            }, 
            "Large3.test": {
                "0": {
                    "res": 1, 
                    "time": 4.003932952880859
                }, 
                "0.01": {
                    "res": 0, 
                    "error": "wrong md5", 
                    "time": 8.04942798614502
                }
            }, 
            "Large4.test": {
                "0": {
                    "res": 1, 
                    "time": 4.004542827606201
                }, 
                "0.01": {
                    "res": 0, 
                    "error": "wrong md5", 
                    "time": 6.049159049987793
                }
            }, 
            "Small1.test": {
                "0": {
                    "res": 1, 
                    "time": 4.004257917404175
                }, 
                "0.1": {
                    "res": 0, 
                    "error": "wrong md5", 
                    "time": 60.46270799636841
                }, 
                "0.01": {
                    "res": 1, 
                    "time": 4.004932165145874
                }
            }, 
            "Small2.test": {
                "0": {
                    "res": 1, 
                    "time": 4.003089904785156
                }, 
                "0.1": {
                    "res": 0, 
                    "error": "wrong md5", 
                    "time": 4.004400968551636
                }, 
                "0.01": {
                    "res": 1, 
                    "time": 4.003751993179321
                }
            }, 
            "Small3.test": {
                "0": {
                    "res": 1, 
                    "time": 4.004570007324219
                }, 
                "0.1": {
                    "res": 1, 
                    "time": 5.046824932098389
                }, 
                "0.01": {
                    "res": 1, 
                    "time": 4.008626937866211
                }
            }, 
            "Small4.test": {
                "0": {
                    "res": 1, 
                    "time": 4.005653142929077
                }, 
                "0.1": {
                    "res": 1, 
                    "time": 6.054782867431641
                }, 
                "0.01": {
                    "res": 1, 
                    "time": 4.006513833999634
                }
            }, 
            "Tiny1.test": {
                "0": {
                    "res": 1, 
                    "time": 4.007802963256836
                }, 
                "0.1": {
                    "res": 1, 
                    "time": 4.00585412979126
                }, 
                "0.01": {
                    "res": 1, 
                    "time": 4.010203838348389
                }
            }, 
            "Tiny2.test": {
                "0": {
                    "res": 1, 
                    "time": 4.004775047302246
                }, 
                "0.1": {
                    "res": 1, 
                    "time": 4.004530906677246
                }, 
                "0.01": {
                    "res": 1, 
                    "time": 4.010668039321899
                }
            }, 
            "Tiny3.test": {
                "0": {
                    "res": 1, 
                    "time": 4.006288051605225
                }, 
                "0.1": {
                    "res": 1, 
                    "time": 4.007253885269165
                }, 
                "0.01": {
                    "res": 1, 
                    "time": 4.00406289100647
                }
            }, 
            "Tiny4.test": {
                "0": {
                    "res": 1, 
                    "time": 4.005126953125
                }, 
                "0.1": {
                    "res": 1, 
                    "time": 4.004124164581299
                }, 
                "0.01": {
                    "res": 1, 
                    "time": 4.007344961166382
                }
            }
        }
    }
}